{"cameraMode":{"drawMode":0,"name":"Shaded","section":"Shading Mode"},"sceneLighting":true,"audioPlay":false,"sceneViewState":{"m_AlwaysRefresh":false,"showFog":true,"showSkybox":true,"showFlares":true,"showImageEffects":true,"showParticleSystems":true,"showVisualEffectGraphs":true,"m_FxEnabled":true},"in2DMode":false,"pivot":{"x":-2.864508867263794,"y":3.975461006164551,"z":-10.392087936401368},"rotation":{"x":0.2650066018104553,"y":-0.04423780366778374,"z":0.012172733433544636,"w":0.9631571769714356},"size":4.165041446685791,"orthographic":true}