{"cameraMode":{"drawMode":0,"name":"Shaded","section":"Shading Mode"},"sceneLighting":true,"audioPlay":false,"sceneViewState":{"m_AlwaysRefresh":false,"showFog":true,"showSkybox":true,"showFlares":true,"showImageEffects":true,"showParticleSystems":true,"showVisualEffectGraphs":true,"m_FxEnabled":true},"in2DMode":false,"pivot":{"x":1.4292864799499512,"y":3.1396336555480959,"z":-0.6632438898086548},"rotation":{"x":0.03254663199186325,"y":-0.16416174173355103,"z":0.005420111119747162,"w":0.9858781695365906},"size":4.085043430328369,"orthographic":true}