{"cameraMode":{"drawMode":0,"name":"Shaded","section":"Shading Mode"},"sceneLighting":true,"audioPlay":false,"sceneViewState":{"m_AlwaysRefresh":false,"showFog":true,"showSkybox":true,"showFlares":true,"showImageEffects":true,"showParticleSystems":true,"showVisualEffectGraphs":true,"m_FxEnabled":true},"in2DMode":false,"pivot":{"x":0.8522629737854004,"y":3.2636899948120119,"z":-8.947376251220704},"rotation":{"x":0.16753685474395753,"y":-0.11505935341119766,"z":0.019691720604896547,"w":0.9789279103279114},"size":3.5453648567199709,"orthographic":true}